Hostname,Check-Host,Port,IPAddress,CPUCore,RAM,Disk,Check-Host-ip
vm1,vm2,22,10.193.177.222,2,3.84259,571.3,10.193.177.223
,vm3,22,10.193.177.222,2,3.84259,571.3,10.193.177.223
vm2,vm1,80,10.193.177.223,1,1,200,10.193.177.222
,vm1,22,10.193.177.222,2,3.84259,571.3,10.193.177.223
