Hostname,Check-Host,Port,IPAddress,CPUCore,RAM,Disk,Check-Host-ip
vm1,vm2,22,192.168.3.128,1,0.953384,21.5,192.168.3.129
,vm3,22,,,,,192.168.3.130
vm2,vm1,80,192.168.3.129,1,0.953384,21.5,192.168.3.128
,vm1,22,,,,,192.168.3.128
vm3,,,192.168.3.130,1,0.953384,21.5,
